IPA_id,area_m2,mean_velD,mean_velA,mean_dwslp_scalarD,mean_dwslp_scalarA,LOS_vel_mean,mean_dwslp_velD,mean_dwslp_velA,dwslp_vel_mean,mean_slope_deg,mean_elevation_m,mean_temp_C,mean_precip_mm,mean_velD_MA,mean_velA_MA,mean_dwslp_scalarD_MA,mean_dwslp_scalarA_MA,LOS_vel_mean_MA,mean_dwslp_velD_MA,mean_dwslp_velA_MA,dwslp_vel_mean_MA,dwslp_velA_MA_fullScalar,dwslp_velD_MA_fullScalar,dwslp_vel_MA_fullScalar,Morphology,Up_connect,aspect_med_cardinal,MA_area_m2,MA_mean_slope_deg,MA_aspect_med_cardinal,MA_mean_elevation_m,MA_mean_temp_C,MA_mean_ppt_mm,geometry,lon,lat
RGS384056N1092710W,105604.535,0.006452574,0.00318836,8.052191373,1.447812837,0.006452574,0.051957362,0.004616148,0.051957362,29.25172414,3079.315302,3.408788656,851.8365118,0.009881217,0.003964162,8.337443466,1.391214797,0.009881217,0.083315914,0.005536668,0.083315914,0.005739365,0.079565451,0.079565451,Tongue,TC,NW,54238.004,29.84706299,NW,3063.354935,3.460988968,849.5012728,"c(-109.27107605298, 38.405601306718)",-109.2710761,38.40560131
RGS384070N1092542W,166356.035,0.003299066,0.008465352,1.700881821,6.508498733,0.008465352,0.005611322,0.055096735,0.055096735,21.33945225,3156.081926,2.652105725,879.7575821,0.011991024,0.008973537,1.368272901,6.589524269,0.011991024,0.016406993,0.059131339,0.059131339,0.058404253,0.020395315,0.058404253,Tongue,TC,NE,24588.812,20.35172653,NE,3180.051758,2.029830569,886.9776794,"c(-109.254218214283, 38.4070163992426)",-109.2542182,38.4070164
RGS384428N1092324W,136583.237,0.004161869,0.003843185,3.451049473,4.178844949,0.004161869,0.014362816,0.016060073,0.016060073,26.95299231,3539.476223,-0.020000001,1167.585083,0.007621255,0.004860687,6.196429166,1.412306005,0.007621255,0.047224565,0.006864778,0.047224565,0.020312058,0.026301327,0.026301327,Lobate,TC,NW,33052.715,27.83036943,N,3527.368253,-0.020000001,1167.585083,"c(-109.232463834021, 38.4428528703463)",-109.2324638,38.44285287
RGS384484N1092201W,228791.649,0.002128976,0.005116259,2.539067833,5.724203264,0.005116259,0.005405615,0.029286505,0.029286505,18.94260088,3240.944984,2.446345089,1074.083312,0.003821747,0.012101432,2.347451382,7.947250616,0.012101432,0.008971365,0.096173113,0.096173113,0.069271057,0.009703675,0.069271057,Lobate,TC,NE,43439.088,16.08137287,NE,3232.647797,2.670000076,1032.520996,"c(-109.220117101246, 38.4484715936004)",-109.2201171,38.44847159
RGS384551N1092601W,117159.265,0.002066655,0.007579305,1.588979344,6.499519494,0.007579305,0.003283871,0.049261839,0.049261839,26.54366541,3126.953822,2.522115144,1066.594915,0.002666063,0.012207322,1.632472785,6.123650297,0.012207322,0.004485694,0.073834058,0.073834058,0.079341728,0.004236319,0.079341728,Lobate,DC,NE,33405.83,24.10934029,N,3118.09882,2.543429294,1059.213727,"c(-109.260175926288, 38.4551363562088)",-109.2601759,38.45513636
RGS384561N1092822W,66092.978,0.005775207,0.002491746,7.120916193,1.419567455,0.005775207,0.041124768,0.003537202,0.041124768,25.36404696,2959.664418,4.570000172,793.0180664,0.008613093,0.003576889,7.868712454,1.396448887,0.008613093,0.067773951,0.004994942,0.067773951,0.005077635,0.061333112,0.061333112,Lobate,DC,NW,23932.166,24.96697443,NW,2960.929924,4.570000172,793.0180664,"c(-109.282226136018, 38.4561078414747)",-109.2822261,38.45610784
RGS384970N1092386W,22568.335,7.41E-04,0.003416151,3.509364687,10.93809351,0.003416151,0.002598901,0.037366177,0.037366177,23.24005127,3238.454203,1.353959632,1053.424921,5.67E-04,0.006052929,3.581947327,10.56194305,0.006052929,0.002030837,0.063930691,0.063930691,0.066207503,0.001989685,0.066207503,Tongue,TC,S,6964.554,25.45177155,S,3256.768359,1.180000067,1056.282104,"c(-109.238691714719, 38.4970107486638)",-109.2386917,38.49701075
RGS385014N1092622W,550429.923,0.00569616,0.001749311,7.704864792,1.451595891,0.00569616,0.043888144,0.002539292,0.043888144,22.21717584,2880.621438,4.55797674,843.32942,0.009842385,0.002052597,9.031877637,1.360000738,0.009842385,0.088982728,0.002801728,0.088982728,0.002979541,0.075834243,0.075834243,Lobate,DC,NW,81572.086,26.49557603,NW,2873.947818,4.411522949,839.6297601,"c(-109.262203409609, 38.5014970604408)",-109.2622034,38.50149706
RGU384055N1092634W,25469.668,0.005842156,0.002279606,5.578345355,1.340586943,0.005842156,0.032589564,0.00305601,0.032589564,31.21701947,3292.01057,2.741003023,875.1247393,0.00937645,0.002630753,2.880225842,1.307458144,0.00937645,0.027006294,0.003439599,0.027006294,0.003526753,0.052305078,0.052305078,Tongue,TC,NW,9582.303,31.99827224,NW,3303.901442,2.668025073,876.2916068,"c(-109.263412834737, 38.4055106251206)",-109.2634128,38.40551063
RGU384282N1092671W,59579.769,0.001736346,0.001757783,15.66213468,1.364712878,0.001757783,0.027194892,0.00239887,0.027194892,33.74247928,2945.14939,4.072322402,882.1760139,0.005216359,0.002647729,10.93514876,1.510055715,0.005216359,0.057041667,0.003998218,0.057041667,0.00361339,0.081699325,0.081699325,Lobate,DC,SW,8115.244,28.22025923,SW,2910.006392,4.110000134,881.0570679,"c(-109.267169570672, 38.4282703849353)",-109.2671696,38.42827038
RGU384332N1092136W,225553.619,0.003174482,0.006392264,2.990361361,11.03868236,0.006392264,0.009492849,0.070562172,0.070562172,21.22964949,3126.709312,2.978652974,913.8663046,0.005206371,0.010178989,2.160740234,9.186587891,0.010178989,0.011249615,0.093510175,0.093510175,0.112362623,0.015568931,0.112362623,Tongue,DC,SE,94700.187,20.29303516,S,3186.137,2.599485431,938.9513653,"c(-109.213628734254, 38.43325507932)",-109.2136287,38.43325508
RGU384407N1092133W,195781.297,0.001344848,0.003495095,6.997961008,9.068678707,0.003495095,0.009411193,0.031695895,0.031695895,18.03443775,3230.860029,1.894978032,979.7570359,0.002873942,0.008466589,1.646923197,9.625033675,0.008466589,0.004733161,0.081491206,0.081491206,0.076780777,0.020111731,0.076780777,Tongue,TC,S,43700.896,23.15955011,SE,3256.609106,1.590000033,1004.331055,"c(-109.213388158707, 38.4407005622065)",-109.2133882,38.44070056
RGU384455N1092526W,133271.402,0.007976579,0.007930351,4.07821621,2.692510026,0.007976579,0.032530212,0.02135255,0.032530212,28.82120677,3349.831812,1.217154974,1161.733127,0.011708078,0.008286402,5.320339627,2.771448045,0.011708078,0.062290951,0.022965334,0.062290951,0.022311222,0.047748073,0.047748073,Tongue,TC,NW,45523.682,24.87607151,N,3364.103175,1.07444751,1161.043611,"c(-109.252604506481, 38.4455317136338)",-109.2526045,38.44553171
RGU384466N1092589W,158512.339,0.003221507,0.007862649,1.709346351,3.910332639,0.007862649,0.005506671,0.030745571,0.030745571,27.77535792,3348.750598,1.533379078,1093.906429,0.002991505,0.014325282,1.496727636,3.075001862,0.014325282,0.004477469,0.044050269,0.044050269,0.056016618,0.005113519,0.056016618,Tongue,TC,NE,45709.893,32.96300649,N,3318.012182,2.317937459,1097.664799,"c(-109.258960814414, 38.446606637266)",-109.2589608,38.44660664
RGU384468N1092347W,29835.655,0.001901267,0.005128397,1.19238615,9.738821411,0.005128397,0.002267044,0.049944546,0.049944546,22.01506653,3486.514063,0.694004595,1191.049753,0.001696888,0.009684508,1.129238224,8.004894257,0.009684508,0.001916191,0.077523459,0.077523459,0.094315689,0.002023346,0.094315689,Tongue,TC,NE,8616.524,31.75559082,NE,3513.274609,0.570515341,1186.991467,"c(-109.23478046455, 38.4468592895196)",-109.2347805,38.44685929
RGU384494N1092460W,68902.48,0.003200729,0.002129932,7.087236006,1.287586589,0.003200729,0.022684322,0.002742472,0.022684322,30.0719249,3318.275069,1.55846069,1177.054085,0.006287031,0.002532942,8.984195073,1.300774892,0.006287031,0.056483916,0.003294787,0.056483916,0.003261382,0.044557675,0.044557675,Lobate,DC,W,19531.314,31.89822642,W,3323.764323,1.407076763,1179.881654,"c(-109.246040978716, 38.4494913305151)",-109.246041,38.44949133
RGU384507N1092432W,61435.94,0.006397066,0.002223751,5.585759481,1.277754193,0.006397066,0.035732471,0.002841407,0.035732471,37.71655855,3438.439732,0.540000021,1196.077026,0.008385363,0.003157434,3.316736494,1.289144698,0.008385363,0.027812041,0.004070389,0.027812041,0.004034424,0.046838624,0.046838624,Lobate,DC,NW,31457.072,40.84859794,NW,3432.706101,0.540000021,1196.077026,"c(-109.243260559118, 38.4507335947944)",-109.2432606,38.45073359
RGU384511N1092301W,16769.068,0.002515073,0.003408963,1.317650318,12.18480428,0.003408963,0.003313987,0.041537545,0.041537545,21.99747213,3350.752604,0.826340137,1188.556905,0.001831467,0.005545015,1.237853241,13.64516296,0.005545015,0.002267087,0.075662635,0.075662635,0.067564924,0.002413233,0.067564924,Tongue,TC,NE,7464.903,23.38260651,NE,3340.354688,0.720000029,1191.904053,"c(-109.230186386004, 38.4511964744345)",-109.2301864,38.45119647
RGU384548N1092728W,73857.852,0.004455108,0.004270901,6.009747746,2.294062605,0.004455108,0.026774073,0.009797715,0.026774073,20.26700107,3156.083333,2.699840413,913.3458279,0.010436663,0.006394437,9.455403255,1.470374327,0.010436663,0.09868286,0.009402216,0.09868286,0.014669238,0.062721714,0.062721714,Tongue,TC,NW,9375.242,19.8116056,NW,3191.991587,1.669289852,960.4530428,"c(-109.272876193812, 38.4548512496871)",-109.2728762,38.45485125
RGU384562N1092261W,183021.078,0.002954048,0.004690004,3.410897852,9.9800946,0.004690004,0.010075957,0.046806685,0.046806685,25.00740758,3369.540904,1.258799149,1144.439591,0.003553112,0.011193031,1.953467263,10.89986928,0.011193031,0.006940888,0.122002572,0.122002572,0.111707505,0.012119302,0.111707505,Tongue,TC,SE,27116.417,27.55101013,SE,3473.824653,0.985588664,1143.575034,"c(-109.226154396027, 38.4562243605886)",-109.2261544,38.45622436
RGU384564N1092345W,27294.894,0.00306039,0.005598872,1.15402665,12.68840316,0.005598872,0.003531771,0.071040746,0.071040746,28.89506242,3507.740498,-0.150000006,1179.480103,0.005487626,0.007013863,1.191212058,8.370985031,0.007013863,0.006536926,0.058712944,0.058712944,0.088994724,0.006332866,0.088994724,Tongue,TC,E,6618.459,25.49972916,E,3495.595703,-0.150000006,1179.480103,"c(NA, NA)",NA,NA
RGU384575N1092331W,50742.597,0.002249376,0.011823663,1.849324472,7.496234131,0.011823663,0.004159826,0.088632945,0.088632945,36.8662772,3507.386607,-0.150000006,1179.480103,0.002349871,0.015932009,1.849101088,6.526608615,0.015932009,0.004345148,0.103981985,0.103981985,0.119430067,0.004345673,0.119430067,Lobate,TC,S,33542.315,38.39415148,S,3518.169792,-0.150000006,1179.480103,"c(-109.233179949179, 38.457526893008)",-109.2331799,38.45752689
RGU384624N1092391W,25249.945,0.008651296,0.001816137,11.55442679,1.280183193,0.008651296,0.099960764,0.002324988,0.099960764,38.47754255,3583.424554,0.625324595,1159.97793,0.010803527,0.001730373,8.155851884,1.46131897,0.010803527,0.08811197,0.002528626,0.08811197,0.002215194,0.124828567,0.124828567,Tongue,TC,SW,16023.041,38.29304088,SW,3580.911577,0.616030562,1149.769617,"c(NA, NA)",NA,NA
RGU384660N1092217W,92817.174,0.007024956,0.00604106,2.515008198,5.72630248,0.007024956,0.017667821,0.034592938,0.034592938,14.60767396,3304.411839,1.665091239,1079.022694,0.015237102,0.012177327,1.775677881,7.88399062,0.015237102,0.027056185,0.096005934,0.096005934,0.069731059,0.038321437,0.069731059,Tongue,TC,E,32478.35,17.81139853,NE,3327.00436,1.440000057,1107.276001,"c(-109.221782987491, 38.4660731074307)",-109.221783,38.46607311
RGU384718N1092339W,155100.953,0.003815255,0.00165338,5.746483389,2.805598095,0.003815255,0.021924301,0.00463872,0.021924301,19.61590638,3390.571023,1.48638422,1093.854589,0.005696402,0.001344746,10.99199155,1.338138982,0.005696402,0.062614808,0.001799457,0.062614808,0.003772816,0.032734282,0.032734282,Lobate,TC,NW,26674.029,23.39844392,NW,3372.789063,1.780000091,1083.303101,"c(-109.233977167497, 38.4719199419055)",-109.2339772,38.47191994
RGU384721N1092285W,62801.82,0.002817104,0.007354564,1.256823403,5.850742158,0.007354564,0.003540602,0.043029659,0.043029659,30.75435965,3337.728795,2.309627463,1072.704677,0.003231624,0.009200091,1.258294141,6.472218831,0.009200091,0.004066334,0.059545005,0.059545005,0.053827363,0.004061581,0.053827363,Tongue,TC,NE,36894.418,29.5980202,NE,3338.35272,2.356066839,1071.100775,"c(-109.228571500226, 38.4721587683899)",-109.2285715,38.47215877
RGU384723N1092459W,44700.307,0.010431633,0.002036944,7.84255309,2.082023233,0.010431633,0.081810633,0.004240964,0.081810633,18.49166611,3295.44518,1.923480136,1059.056675,0.013408432,0.002253423,9.725172043,1.752538681,0.013408432,0.130399312,0.003949211,0.130399312,0.00469168,0.105156343,0.105156343,Lobate,DC,NW,20734.189,17.89857483,NW,3296.4375,2.146795919,1048.212816,"c(NA, NA)",NA,NA
RGU384773N1092289W,30174.655,0.001573762,0.002173419,1.720295134,10.63134838,0.002173419,0.002707335,0.02310637,0.02310637,22.35748,3228.198661,2.397547099,1067.714747,6.12E-04,0.00423032,1.314092289,13.11671586,0.00423032,8.04E-04,0.055487911,0.055487911,0.044974011,0.001052293,0.044974011,Lobate,DC,N,7873.761,18.58209229,N,3218.879616,2.610994825,1062.32682,"c(-109.228952999359, 38.4773023203762)",-109.228953,38.47730232
RGU384922N1092444W,148023.364,0.00515732,0.002838732,5.992935712,3.750683837,0.00515732,0.030907488,0.010647187,0.030907488,15.54629684,3106.127799,2.93658292,1011.321548,0.008286279,0.002974569,4.448201881,2.285935024,0.008286279,0.036859042,0.006799672,0.036859042,0.011156669,0.049659137,0.049659137,Lobate,DC,SW,39948.496,13.94014754,SW,3102.644458,2.832066799,1027.480483,"c(-109.244438140689, 38.4922165237296)",-109.2444381,38.49221652
RGU385006N1092122W,46381.63,0.00177074,0.001326059,11.39779171,1.276352175,0.00177074,0.020182528,0.001692518,0.020182528,35.10459457,3399.836694,0.932693741,1147.284248,0.003536811,9.44E-04,9.134262085,1.215909611,0.003536811,0.032306162,0.001147828,0.032306162,0.001204886,0.04031184,0.04031184,Tongue,TC,SW,8354.913,34.21956288,NW,3388.379616,0.968903498,1147.461546,"c(-109.212291974991, 38.5006309964747)",-109.212292,38.500631
RGU385055N1092504W,100228.014,0.005085372,0.003367927,5.525828426,1.46684116,0.005085372,0.028100891,0.004940214,0.028100891,32.07228031,3124.892857,3.172393148,1001.065242,0.011329733,0.003915222,9.408914795,1.422359619,0.011329733,0.106600488,0.005568853,0.106600488,0.005743009,0.062606158,0.062606158,Tongue,TC,NW,18532.975,20.18823486,NW,3078.31625,3.480000257,1004.98407,"c(-109.250439354862, 38.5055022128496)",-109.2504394,38.50550221
RGU385063N1091833W,81545.917,0.004631449,0.009252504,1.356842617,7.809563403,0.009252504,0.006284147,0.072258015,0.072258015,19.19320276,3053.216392,3.580000162,948.8980713,0.00786478,0.016383776,1.25863417,8.623916626,0.016383776,0.009898881,0.141292319,0.141292319,0.127950138,0.010671269,0.127950138,Tongue,TC,NE,17534.465,24.68925985,NE,3061.890299,3.580000162,948.8980713,"c(-109.183328122655, 38.50631904158)",-109.1833281,38.50631904
RGU385144N1092122W,21416.025,0.005426966,0.004931535,1.258927745,10.58447955,0.005426966,0.006832158,0.052197728,0.052197728,25.48926175,3382.304183,0.949073688,1193.239192,0.007908965,0.005203312,1.280657248,8.602589694,0.007908965,0.010128673,0.04476196,0.04476196,0.055074352,0.009956815,0.055074352,Tongue,TC,E,7458.957,21.93062383,E,3373.615412,1.172915515,1184.811697,"c(-109.212228506026, 38.5144152616188)",-109.2122285,38.51441526
RGU385214N1092074W,53373.362,0.012100238,0.007174991,5.955787452,1.642089844,0.012100238,0.072066444,0.011781979,0.072066444,16.90685705,3331.848818,1.961038859,1150.843505,0.013307738,0.008585569,5.159809367,1.549035305,0.013307738,0.068665389,0.01329935,0.068665389,0.014098276,0.079258057,0.079258057,Tongue,TC,NW,34964.488,15.35564643,NW,3334.626389,1.923689481,1152.472208,"c(-109.207491788702, 38.521447575777)",-109.2074918,38.52144758
RGU385263N1092091W,38728.149,0.003705598,0.002759644,5.439596323,1.487858699,0.003705598,0.020156956,0.00410596,0.020156956,34.54036067,3264.565805,2.060000181,1146.528076,0.007826407,0.005104201,2.321721649,1.22019558,0.007826407,0.018170739,0.006228124,0.018170739,0.00759433,0.042572496,0.042572496,Lobate,DC,N,6727.569,47.41954956,N,3281.555859,2.060000181,1146.528076,"c(-109.209107465375, 38.5263277687262)",-109.2091075,38.52632777
RGU385322N1092252W,39245.524,0.002048379,0.004463657,2.755995574,7.919173629,0.004463657,0.005645324,0.035348475,0.035348475,31.70695213,3357.326389,0.730000019,1193.324097,0.002801957,0.006165244,2.733669472,5.18047905,0.006165244,0.007659624,0.031938918,0.031938918,0.048823639,0.00772218,0.048823639,Tongue,TC,S,13894.885,35.38604126,S,3360.455078,0.730000019,1193.324097,"c(-109.225239691817, 38.5322681837582)",-109.2252397,38.53226818
RGU385346N1092288W,34108.93,0.00198168,0.003345614,7.210625831,8.491186913,0.003345614,0.014289154,0.028408235,0.028408235,22.99060318,3464.31117,0.459203298,1193.785163,0.002029524,0.004626398,4.795823097,9.026706696,0.004626398,0.009733237,0.041761137,0.041761137,0.039283609,0.014634137,0.039283609,Tongue,TC,S,7048.597,17.98948288,S,3448.811279,0.729683665,1193.324635,"c(-109.22889770189, 38.5346762928881)",-109.2288977,38.53467629
RGU385380N1092202W,33788.956,0.00102248,0.004671134,1.161779858,6.146821522,0.004671134,0.001187896,0.02871263,0.02871263,26.24301874,3380.742188,0.934511019,1135.695577,0.001622942,0.007785869,1.146045176,8.05090332,0.007785869,0.001859965,0.062683277,0.062683277,0.047858346,0.001885501,0.047858346,Tongue,TC,E,12203.241,26.21440023,NE,3385.934896,0.775678491,1130.294269,"c(-109.220210105534, 38.5380199269129)",-109.2202101,38.53801993
RGU385402N1092227W,32709.28,0.001504784,0.005554171,1.251853144,7.086784895,0.005554171,0.001883768,0.039361212,0.039361212,22.25301059,3450.641352,0.190000013,1162.315063,0.001726613,0.008407509,1.29740715,5.978671681,0.008407509,0.00224012,0.050265735,0.050265735,0.059582207,0.002161466,0.059582207,Tongue,TC,E,15277.632,23.66976096,NE,3448.160156,0.190000013,1162.315063,"c(-109.222799278262, 38.5402177121668)",-109.2227993,38.54021771
RGU385418N1092809W,16369.474,0.00331906,0.001267956,7.423719323,1.400296087,0.00331906,0.024639771,0.001775514,0.024639771,24.45249342,2668.46841,6.850000381,668.8870239,0.003995663,0.001253212,8.390146891,1.386319796,0.003995663,0.033524197,0.001737352,0.033524197,0.001754868,0.029662678,0.029662678,Lobate,DC,NW,9101.65,23.95753479,NW,2673.242188,6.850000381,668.8870239,"c(-109.280996426471, 38.5418700035319)",-109.2809964,38.54187
RGU385554N1092170W,43166.293,0.001439718,0.006101891,1.165465519,10.37839482,0.006101891,0.001677941,0.063327832,0.063327832,28.24233483,3138.941541,3.077220711,809.4003105,0.001802554,0.010035225,1.176682992,10.82137645,0.010035225,0.002121035,0.108594944,0.108594944,0.104149524,0.002100815,0.104149524,Lobate,DC,E,15316.431,24.80933172,E,3113.494318,3.140000105,799.3560181,"c(-109.217070202941, 38.555489943674)",-109.2170702,38.55548994